{
	"BUILD_DIR" : "/run/media/clums/Sacha pue/CPE/ProG_Cpp/20242025-4imi-cpp-projet-dungeon-simulator/pgm_autogen",
	"CMAKE_BINARY_DIR" : "/run/media/clums/Sacha pue/CPE/ProG_Cpp/20242025-4imi-cpp-projet-dungeon-simulator",
	"CMAKE_CURRENT_BINARY_DIR" : "/run/media/clums/Sacha pue/CPE/ProG_Cpp/20242025-4imi-cpp-projet-dungeon-simulator",
	"CMAKE_CURRENT_SOURCE_DIR" : "/run/media/clums/Sacha pue/CPE/ProG_Cpp/20242025-4imi-cpp-projet-dungeon-simulator",
	"CMAKE_EXECUTABLE" : "/usr/bin/cmake",
	"CMAKE_LIST_FILES" : 
	[
		"/run/media/clums/Sacha pue/CPE/ProG_Cpp/20242025-4imi-cpp-projet-dungeon-simulator/CMakeLists.txt",
		"/usr/share/cmake/Modules/CMakeDetermineSystem.cmake",
		"/usr/share/cmake/Modules/CMakeSystem.cmake.in",
		"/run/media/clums/Sacha pue/CPE/ProG_Cpp/20242025-4imi-cpp-projet-dungeon-simulator/CMakeFiles/3.30.7/CMakeSystem.cmake",
		"/usr/share/cmake/Modules/CMakeUnixFindMake.cmake",
		"/usr/share/cmake/Modules/CMakeSystemSpecificInitialize.cmake",
		"/usr/share/cmake/Modules/Platform/Linux-Initialize.cmake",
		"/usr/share/cmake/Modules/CMakeDetermineCCompiler.cmake",
		"/usr/share/cmake/Modules/CMakeDetermineCompiler.cmake",
		"/usr/share/cmake/Modules/CMakeDetermineCompilerId.cmake",
		"/usr/share/cmake/Modules/CMakeCompilerIdDetection.cmake",
		"/usr/share/cmake/Modules/Compiler/ADSP-DetermineCompiler.cmake",
		"/usr/share/cmake/Modules/Compiler/ARMCC-DetermineCompiler.cmake",
		"/usr/share/cmake/Modules/Compiler/ARMClang-DetermineCompiler.cmake",
		"/usr/share/cmake/Modules/Compiler/AppleClang-DetermineCompiler.cmake",
		"/usr/share/cmake/Modules/Compiler/Clang-DetermineCompilerInternal.cmake",
		"/usr/share/cmake/Modules/Compiler/Borland-DetermineCompiler.cmake",
		"/usr/share/cmake/Modules/Compiler/Bruce-C-DetermineCompiler.cmake",
		"/usr/share/cmake/Modules/Compiler/Clang-DetermineCompiler.cmake",
		"/usr/share/cmake/Modules/Compiler/Clang-DetermineCompilerInternal.cmake",
		"/usr/share/cmake/Modules/Compiler/Compaq-C-DetermineCompiler.cmake",
		"/usr/share/cmake/Modules/Compiler/Cray-DetermineCompiler.cmake",
		"/usr/share/cmake/Modules/Compiler/CrayClang-DetermineCompiler.cmake",
		"/usr/share/cmake/Modules/Compiler/Embarcadero-DetermineCompiler.cmake",
		"/usr/share/cmake/Modules/Compiler/Fujitsu-DetermineCompiler.cmake",
		"/usr/share/cmake/Modules/Compiler/FujitsuClang-DetermineCompiler.cmake",
		"/usr/share/cmake/Modules/Compiler/GHS-DetermineCompiler.cmake",
		"/usr/share/cmake/Modules/Compiler/GNU-C-DetermineCompiler.cmake",
		"/usr/share/cmake/Modules/Compiler/HP-C-DetermineCompiler.cmake",
		"/usr/share/cmake/Modules/Compiler/IAR-DetermineCompiler.cmake",
		"/usr/share/cmake/Modules/Compiler/IBMClang-C-DetermineCompiler.cmake",
		"/usr/share/cmake/Modules/Compiler/Intel-DetermineCompiler.cmake",
		"/usr/share/cmake/Modules/Compiler/IntelLLVM-DetermineCompiler.cmake",
		"/usr/share/cmake/Modules/Compiler/LCC-C-DetermineCompiler.cmake",
		"/usr/share/cmake/Modules/Compiler/MSVC-DetermineCompiler.cmake",
		"/usr/share/cmake/Modules/Compiler/NVHPC-DetermineCompiler.cmake",
		"/usr/share/cmake/Modules/Compiler/NVIDIA-DetermineCompiler.cmake",
		"/usr/share/cmake/Modules/Compiler/OpenWatcom-DetermineCompiler.cmake",
		"/usr/share/cmake/Modules/Compiler/OrangeC-DetermineCompiler.cmake",
		"/usr/share/cmake/Modules/Compiler/PGI-DetermineCompiler.cmake",
		"/usr/share/cmake/Modules/Compiler/PathScale-DetermineCompiler.cmake",
		"/usr/share/cmake/Modules/Compiler/SCO-DetermineCompiler.cmake",
		"/usr/share/cmake/Modules/Compiler/SDCC-C-DetermineCompiler.cmake",
		"/usr/share/cmake/Modules/Compiler/SunPro-C-DetermineCompiler.cmake",
		"/usr/share/cmake/Modules/Compiler/TI-DetermineCompiler.cmake",
		"/usr/share/cmake/Modules/Compiler/TIClang-DetermineCompiler.cmake",
		"/usr/share/cmake/Modules/Compiler/Tasking-DetermineCompiler.cmake",
		"/usr/share/cmake/Modules/Compiler/TinyCC-C-DetermineCompiler.cmake",
		"/usr/share/cmake/Modules/Compiler/VisualAge-C-DetermineCompiler.cmake",
		"/usr/share/cmake/Modules/Compiler/IBMCPP-C-DetermineVersionInternal.cmake",
		"/usr/share/cmake/Modules/Compiler/Watcom-DetermineCompiler.cmake",
		"/usr/share/cmake/Modules/Compiler/XL-C-DetermineCompiler.cmake",
		"/usr/share/cmake/Modules/Compiler/IBMCPP-C-DetermineVersionInternal.cmake",
		"/usr/share/cmake/Modules/Compiler/XLClang-C-DetermineCompiler.cmake",
		"/usr/share/cmake/Modules/Compiler/zOS-C-DetermineCompiler.cmake",
		"/usr/share/cmake/Modules/Compiler/IBMCPP-C-DetermineVersionInternal.cmake",
		"/usr/share/cmake/Modules/CMakeFindBinUtils.cmake",
		"/usr/share/cmake/Modules/Compiler/GNU-FindBinUtils.cmake",
		"/usr/share/cmake/Modules/CMakeCCompiler.cmake.in",
		"/run/media/clums/Sacha pue/CPE/ProG_Cpp/20242025-4imi-cpp-projet-dungeon-simulator/CMakeFiles/3.30.7/CMakeCCompiler.cmake",
		"/usr/share/cmake/Modules/CMakeDetermineCXXCompiler.cmake",
		"/usr/share/cmake/Modules/CMakeDetermineCompiler.cmake",
		"/usr/share/cmake/Modules/Platform/Linux-Determine-CXX.cmake",
		"/usr/share/cmake/Modules/CMakeDetermineCompilerId.cmake",
		"/usr/share/cmake/Modules/CMakeCompilerIdDetection.cmake",
		"/usr/share/cmake/Modules/Compiler/ADSP-DetermineCompiler.cmake",
		"/usr/share/cmake/Modules/Compiler/ARMCC-DetermineCompiler.cmake",
		"/usr/share/cmake/Modules/Compiler/ARMClang-DetermineCompiler.cmake",
		"/usr/share/cmake/Modules/Compiler/AppleClang-DetermineCompiler.cmake",
		"/usr/share/cmake/Modules/Compiler/Clang-DetermineCompilerInternal.cmake",
		"/usr/share/cmake/Modules/Compiler/Borland-DetermineCompiler.cmake",
		"/usr/share/cmake/Modules/Compiler/Clang-DetermineCompiler.cmake",
		"/usr/share/cmake/Modules/Compiler/Clang-DetermineCompilerInternal.cmake",
		"/usr/share/cmake/Modules/Compiler/Compaq-CXX-DetermineCompiler.cmake",
		"/usr/share/cmake/Modules/Compiler/Cray-DetermineCompiler.cmake",
		"/usr/share/cmake/Modules/Compiler/CrayClang-DetermineCompiler.cmake",
		"/usr/share/cmake/Modules/Compiler/Embarcadero-DetermineCompiler.cmake",
		"/usr/share/cmake/Modules/Compiler/Fujitsu-DetermineCompiler.cmake",
		"/usr/share/cmake/Modules/Compiler/FujitsuClang-DetermineCompiler.cmake",
		"/usr/share/cmake/Modules/Compiler/GHS-DetermineCompiler.cmake",
		"/usr/share/cmake/Modules/Compiler/GNU-CXX-DetermineCompiler.cmake",
		"/usr/share/cmake/Modules/Compiler/HP-CXX-DetermineCompiler.cmake",
		"/usr/share/cmake/Modules/Compiler/IAR-DetermineCompiler.cmake",
		"/usr/share/cmake/Modules/Compiler/IBMClang-CXX-DetermineCompiler.cmake",
		"/usr/share/cmake/Modules/Compiler/Intel-DetermineCompiler.cmake",
		"/usr/share/cmake/Modules/Compiler/IntelLLVM-DetermineCompiler.cmake",
		"/usr/share/cmake/Modules/Compiler/LCC-CXX-DetermineCompiler.cmake",
		"/usr/share/cmake/Modules/Compiler/MSVC-DetermineCompiler.cmake",
		"/usr/share/cmake/Modules/Compiler/NVHPC-DetermineCompiler.cmake",
		"/usr/share/cmake/Modules/Compiler/NVIDIA-DetermineCompiler.cmake",
		"/usr/share/cmake/Modules/Compiler/OpenWatcom-DetermineCompiler.cmake",
		"/usr/share/cmake/Modules/Compiler/OrangeC-DetermineCompiler.cmake",
		"/usr/share/cmake/Modules/Compiler/PGI-DetermineCompiler.cmake",
		"/usr/share/cmake/Modules/Compiler/PathScale-DetermineCompiler.cmake",
		"/usr/share/cmake/Modules/Compiler/SCO-DetermineCompiler.cmake",
		"/usr/share/cmake/Modules/Compiler/SunPro-CXX-DetermineCompiler.cmake",
		"/usr/share/cmake/Modules/Compiler/TI-DetermineCompiler.cmake",
		"/usr/share/cmake/Modules/Compiler/TIClang-DetermineCompiler.cmake",
		"/usr/share/cmake/Modules/Compiler/Tasking-DetermineCompiler.cmake",
		"/usr/share/cmake/Modules/Compiler/VisualAge-CXX-DetermineCompiler.cmake",
		"/usr/share/cmake/Modules/Compiler/IBMCPP-CXX-DetermineVersionInternal.cmake",
		"/usr/share/cmake/Modules/Compiler/Watcom-DetermineCompiler.cmake",
		"/usr/share/cmake/Modules/Compiler/XL-CXX-DetermineCompiler.cmake",
		"/usr/share/cmake/Modules/Compiler/IBMCPP-CXX-DetermineVersionInternal.cmake",
		"/usr/share/cmake/Modules/Compiler/XLClang-CXX-DetermineCompiler.cmake",
		"/usr/share/cmake/Modules/Compiler/zOS-CXX-DetermineCompiler.cmake",
		"/usr/share/cmake/Modules/Compiler/IBMCPP-CXX-DetermineVersionInternal.cmake",
		"/usr/share/cmake/Modules/CMakeFindBinUtils.cmake",
		"/usr/share/cmake/Modules/Compiler/GNU-FindBinUtils.cmake",
		"/usr/share/cmake/Modules/CMakeCXXCompiler.cmake.in",
		"/run/media/clums/Sacha pue/CPE/ProG_Cpp/20242025-4imi-cpp-projet-dungeon-simulator/CMakeFiles/3.30.7/CMakeCXXCompiler.cmake",
		"/usr/share/cmake/Modules/CMakeSystemSpecificInformation.cmake",
		"/usr/share/cmake/Modules/CMakeGenericSystem.cmake",
		"/usr/share/cmake/Modules/CMakeInitializeConfigs.cmake",
		"/usr/share/cmake/Modules/Platform/Linux.cmake",
		"/usr/share/cmake/Modules/Platform/UnixPaths.cmake",
		"/usr/share/cmake/Modules/CMakeCInformation.cmake",
		"/usr/share/cmake/Modules/CMakeLanguageInformation.cmake",
		"/usr/share/cmake/Modules/Compiler/GNU-C.cmake",
		"/usr/share/cmake/Modules/Compiler/GNU.cmake",
		"/usr/share/cmake/Modules/Compiler/CMakeCommonCompilerMacros.cmake",
		"/usr/share/cmake/Modules/Platform/Linux-GNU-C.cmake",
		"/usr/share/cmake/Modules/Platform/Linux-GNU.cmake",
		"/usr/share/cmake/Modules/CMakeCommonLanguageInclude.cmake",
		"/usr/share/cmake/Modules/CMakeTestCCompiler.cmake",
		"/usr/share/cmake/Modules/CMakeTestCompilerCommon.cmake",
		"/usr/share/cmake/Modules/CMakeDetermineCompilerABI.cmake",
		"/usr/share/cmake/Modules/Internal/CMakeDetermineLinkerId.cmake",
		"/usr/share/cmake/Modules/CMakeParseImplicitIncludeInfo.cmake",
		"/usr/share/cmake/Modules/CMakeParseImplicitLinkInfo.cmake",
		"/usr/share/cmake/Modules/CMakeParseLibraryArchitecture.cmake",
		"/usr/share/cmake/Modules/CMakeTestCompilerCommon.cmake",
		"/usr/share/cmake/Modules/CMakeCCompilerABI.c",
		"/usr/share/cmake/Modules/CMakeDetermineCompilerSupport.cmake",
		"/usr/share/cmake/Modules/Internal/FeatureTesting.cmake",
		"/usr/share/cmake/Modules/CMakeCCompiler.cmake.in",
		"/run/media/clums/Sacha pue/CPE/ProG_Cpp/20242025-4imi-cpp-projet-dungeon-simulator/CMakeFiles/3.30.7/CMakeCCompiler.cmake",
		"/usr/share/cmake/Modules/CMakeCXXInformation.cmake",
		"/usr/share/cmake/Modules/CMakeLanguageInformation.cmake",
		"/usr/share/cmake/Modules/Compiler/GNU-CXX.cmake",
		"/usr/share/cmake/Modules/Compiler/GNU.cmake",
		"/usr/share/cmake/Modules/Platform/Linux-GNU-CXX.cmake",
		"/usr/share/cmake/Modules/Platform/Linux-GNU.cmake",
		"/usr/share/cmake/Modules/CMakeCommonLanguageInclude.cmake",
		"/usr/share/cmake/Modules/CMakeTestCXXCompiler.cmake",
		"/usr/share/cmake/Modules/CMakeTestCompilerCommon.cmake",
		"/usr/share/cmake/Modules/CMakeDetermineCompilerABI.cmake",
		"/usr/share/cmake/Modules/Internal/CMakeDetermineLinkerId.cmake",
		"/usr/share/cmake/Modules/CMakeParseImplicitIncludeInfo.cmake",
		"/usr/share/cmake/Modules/CMakeParseImplicitLinkInfo.cmake",
		"/usr/share/cmake/Modules/CMakeParseLibraryArchitecture.cmake",
		"/usr/share/cmake/Modules/CMakeTestCompilerCommon.cmake",
		"/usr/share/cmake/Modules/CMakeCXXCompilerABI.cpp",
		"/usr/share/cmake/Modules/CMakeDetermineCompilerSupport.cmake",
		"/usr/share/cmake/Modules/Internal/FeatureTesting.cmake",
		"/usr/share/cmake/Modules/CMakeCXXCompiler.cmake.in",
		"/run/media/clums/Sacha pue/CPE/ProG_Cpp/20242025-4imi-cpp-projet-dungeon-simulator/CMakeFiles/3.30.7/CMakeCXXCompiler.cmake",
		"/usr/lib64/cmake/Qt5/Qt5ConfigVersion.cmake",
		"/usr/lib64/cmake/Qt5/Qt5Config.cmake",
		"/usr/lib64/cmake/Qt5/Qt5ModuleLocation.cmake",
		"/usr/lib64/cmake/Qt5Widgets/Qt5WidgetsConfigVersion.cmake",
		"/usr/lib64/cmake/Qt5Widgets/Qt5WidgetsConfig.cmake",
		"/usr/lib64/cmake/Qt5Gui/Qt5GuiConfigVersion.cmake",
		"/usr/lib64/cmake/Qt5Gui/Qt5GuiConfig.cmake",
		"/usr/lib64/cmake/Qt5Core/Qt5CoreConfigVersion.cmake",
		"/usr/lib64/cmake/Qt5Core/Qt5CoreConfig.cmake",
		"/usr/lib64/cmake/Qt5Core/Qt5CoreConfigExtras.cmake",
		"/usr/lib64/cmake/Qt5Core/Qt5CoreConfigExtrasMkspecDir.cmake",
		"/usr/lib64/cmake/Qt5Core/Qt5CoreMacros.cmake",
		"/usr/share/cmake/Modules/CMakeParseArguments.cmake",
		"/usr/lib64/cmake/Qt5Gui/Qt5Gui_QComposePlatformInputContextPlugin.cmake",
		"/usr/lib64/cmake/Qt5Gui/Qt5Gui_QEglFSEmulatorIntegrationPlugin.cmake",
		"/usr/lib64/cmake/Qt5Gui/Qt5Gui_QEglFSIntegrationPlugin.cmake",
		"/usr/lib64/cmake/Qt5Gui/Qt5Gui_QEglFSKmsEglDeviceIntegrationPlugin.cmake",
		"/usr/lib64/cmake/Qt5Gui/Qt5Gui_QEglFSKmsGbmIntegrationPlugin.cmake",
		"/usr/lib64/cmake/Qt5Gui/Qt5Gui_QEglFSX11IntegrationPlugin.cmake",
		"/usr/lib64/cmake/Qt5Gui/Qt5Gui_QEvdevKeyboardPlugin.cmake",
		"/usr/lib64/cmake/Qt5Gui/Qt5Gui_QEvdevMousePlugin.cmake",
		"/usr/lib64/cmake/Qt5Gui/Qt5Gui_QEvdevTabletPlugin.cmake",
		"/usr/lib64/cmake/Qt5Gui/Qt5Gui_QEvdevTouchScreenPlugin.cmake",
		"/usr/lib64/cmake/Qt5Gui/Qt5Gui_QGifPlugin.cmake",
		"/usr/lib64/cmake/Qt5Gui/Qt5Gui_QGtk3ThemePlugin.cmake",
		"/usr/lib64/cmake/Qt5Gui/Qt5Gui_QICNSPlugin.cmake",
		"/usr/lib64/cmake/Qt5Gui/Qt5Gui_QICOPlugin.cmake",
		"/usr/lib64/cmake/Qt5Gui/Qt5Gui_QIbusPlatformInputContextPlugin.cmake",
		"/usr/lib64/cmake/Qt5Gui/Qt5Gui_QJp2Plugin.cmake",
		"/usr/lib64/cmake/Qt5Gui/Qt5Gui_QJpegPlugin.cmake",
		"/usr/lib64/cmake/Qt5Gui/Qt5Gui_QLibInputPlugin.cmake",
		"/usr/lib64/cmake/Qt5Gui/Qt5Gui_QLinuxFbIntegrationPlugin.cmake",
		"/usr/lib64/cmake/Qt5Gui/Qt5Gui_QMinimalEglIntegrationPlugin.cmake",
		"/usr/lib64/cmake/Qt5Gui/Qt5Gui_QMinimalIntegrationPlugin.cmake",
		"/usr/lib64/cmake/Qt5Gui/Qt5Gui_QMngPlugin.cmake",
		"/usr/lib64/cmake/Qt5Gui/Qt5Gui_QOffscreenIntegrationPlugin.cmake",
		"/usr/lib64/cmake/Qt5Gui/Qt5Gui_QSvgIconPlugin.cmake",
		"/usr/lib64/cmake/Qt5Gui/Qt5Gui_QSvgPlugin.cmake",
		"/usr/lib64/cmake/Qt5Gui/Qt5Gui_QTgaPlugin.cmake",
		"/usr/lib64/cmake/Qt5Gui/Qt5Gui_QTiffPlugin.cmake",
		"/usr/lib64/cmake/Qt5Gui/Qt5Gui_QTuioTouchPlugin.cmake",
		"/usr/lib64/cmake/Qt5Gui/Qt5Gui_QVncIntegrationPlugin.cmake",
		"/usr/lib64/cmake/Qt5Gui/Qt5Gui_QWbmpPlugin.cmake",
		"/usr/lib64/cmake/Qt5Gui/Qt5Gui_QWebpPlugin.cmake",
		"/usr/lib64/cmake/Qt5Gui/Qt5Gui_QXcbEglIntegrationPlugin.cmake",
		"/usr/lib64/cmake/Qt5Gui/Qt5Gui_QXcbGlxIntegrationPlugin.cmake",
		"/usr/lib64/cmake/Qt5Gui/Qt5Gui_QXcbIntegrationPlugin.cmake",
		"/usr/lib64/cmake/Qt5Gui/Qt5Gui_QXdgDesktopPortalThemePlugin.cmake",
		"/usr/lib64/cmake/Qt5Gui/Qt5GuiConfigExtras.cmake",
		"/usr/lib64/cmake/Qt5Widgets/Qt5WidgetsConfigExtras.cmake",
		"/usr/lib64/cmake/Qt5Widgets/Qt5WidgetsMacros.cmake",
		"/usr/share/cmake/Modules/CMakeParseArguments.cmake"
	],
	"CMAKE_SOURCE_DIR" : "/run/media/clums/Sacha pue/CPE/ProG_Cpp/20242025-4imi-cpp-projet-dungeon-simulator",
	"CROSS_CONFIG" : false,
	"DEP_FILE" : "/run/media/clums/Sacha pue/CPE/ProG_Cpp/20242025-4imi-cpp-projet-dungeon-simulator/pgm_autogen/deps",
	"DEP_FILE_RULE_NAME" : "pgm_autogen/timestamp",
	"HEADERS" : 
	[
		[
			"/run/media/clums/Sacha pue/CPE/ProG_Cpp/20242025-4imi-cpp-projet-dungeon-simulator/src/bloc.hpp",
			"MU",
			"UVLADIE3JM/moc_bloc.cpp",
			null
		],
		[
			"/run/media/clums/Sacha pue/CPE/ProG_Cpp/20242025-4imi-cpp-projet-dungeon-simulator/src/entity.hpp",
			"MU",
			"UVLADIE3JM/moc_entity.cpp",
			null
		],
		[
			"/run/media/clums/Sacha pue/CPE/ProG_Cpp/20242025-4imi-cpp-projet-dungeon-simulator/src/hole.hpp",
			"MU",
			"UVLADIE3JM/moc_hole.cpp",
			null
		],
		[
			"/run/media/clums/Sacha pue/CPE/ProG_Cpp/20242025-4imi-cpp-projet-dungeon-simulator/src/map_game.hpp",
			"MU",
			"UVLADIE3JM/moc_map_game.cpp",
			null
		],
		[
			"/run/media/clums/Sacha pue/CPE/ProG_Cpp/20242025-4imi-cpp-projet-dungeon-simulator/src/myWindow.hpp",
			"MU",
			"UVLADIE3JM/moc_myWindow.cpp",
			null
		],
		[
			"/run/media/clums/Sacha pue/CPE/ProG_Cpp/20242025-4imi-cpp-projet-dungeon-simulator/src/path.hpp",
			"MU",
			"UVLADIE3JM/moc_path.cpp",
			null
		],
		[
			"/run/media/clums/Sacha pue/CPE/ProG_Cpp/20242025-4imi-cpp-projet-dungeon-simulator/src/wall.hpp",
			"MU",
			"UVLADIE3JM/moc_wall.cpp",
			null
		]
	],
	"HEADER_EXTENSIONS" : [ "h", "hh", "h++", "hm", "hpp", "hxx", "in", "txx" ],
	"INCLUDE_DIR" : "/run/media/clums/Sacha pue/CPE/ProG_Cpp/20242025-4imi-cpp-projet-dungeon-simulator/pgm_autogen/include",
	"MOC_COMPILATION_FILE" : "/run/media/clums/Sacha pue/CPE/ProG_Cpp/20242025-4imi-cpp-projet-dungeon-simulator/pgm_autogen/mocs_compilation.cpp",
	"MOC_DEFINITIONS" : [ "QT_CORE_LIB", "QT_GUI_LIB", "QT_WIDGETS_LIB" ],
	"MOC_DEPEND_FILTERS" : 
	[
		[
			"Q_PLUGIN_METADATA",
			"[\n][ \t]*Q_PLUGIN_METADATA[ \t]*\\([^\\)]*FILE[ \t]*\"([^\"]+)\""
		]
	],
	"MOC_INCLUDES" : 
	[
		"/usr/include/qt5",
		"/usr/include/qt5/QtWidgets",
		"/usr/include/qt5/QtGui",
		"/usr/include/qt5/QtCore",
		"/usr/lib64/qt5/mkspecs/linux-g++",
		"/usr/include/c++/14",
		"/usr/include/c++/14/x86_64-redhat-linux",
		"/usr/include/c++/14/backward",
		"/usr/lib/gcc/x86_64-redhat-linux/14/include",
		"/usr/local/include",
		"/usr/include"
	],
	"MOC_MACRO_NAMES" : [ "Q_OBJECT", "Q_GADGET", "Q_NAMESPACE", "Q_NAMESPACE_EXPORT" ],
	"MOC_OPTIONS" : [],
	"MOC_PATH_PREFIX" : false,
	"MOC_PREDEFS_CMD" : 
	[
		"/usr/bin/c++",
		"-std=gnu++11",
		"-dM",
		"-E",
		"-c",
		"/usr/share/cmake/Modules/CMakeCXXCompilerABI.cpp"
	],
	"MOC_PREDEFS_FILE" : "/run/media/clums/Sacha pue/CPE/ProG_Cpp/20242025-4imi-cpp-projet-dungeon-simulator/pgm_autogen/moc_predefs.h",
	"MOC_RELAXED_MODE" : false,
	"MOC_SKIP" : [],
	"MULTI_CONFIG" : false,
	"PARALLEL" : 4,
	"PARSE_CACHE_FILE" : "/run/media/clums/Sacha pue/CPE/ProG_Cpp/20242025-4imi-cpp-projet-dungeon-simulator/CMakeFiles/pgm_autogen.dir/ParseCache.txt",
	"QT_MOC_EXECUTABLE" : "/usr/lib64/qt5/bin/moc",
	"QT_UIC_EXECUTABLE" : "/usr/lib64/qt5/bin/uic",
	"QT_VERSION_MAJOR" : 5,
	"QT_VERSION_MINOR" : 15,
	"SETTINGS_FILE" : "/run/media/clums/Sacha pue/CPE/ProG_Cpp/20242025-4imi-cpp-projet-dungeon-simulator/CMakeFiles/pgm_autogen.dir/AutogenUsed.txt",
	"SOURCES" : 
	[
		[
			"/run/media/clums/Sacha pue/CPE/ProG_Cpp/20242025-4imi-cpp-projet-dungeon-simulator/src/bloc.cpp",
			"MU",
			null
		],
		[
			"/run/media/clums/Sacha pue/CPE/ProG_Cpp/20242025-4imi-cpp-projet-dungeon-simulator/src/main.cpp",
			"MU",
			null
		],
		[
			"/run/media/clums/Sacha pue/CPE/ProG_Cpp/20242025-4imi-cpp-projet-dungeon-simulator/src/main2.cpp",
			"MU",
			null
		],
		[
			"/run/media/clums/Sacha pue/CPE/ProG_Cpp/20242025-4imi-cpp-projet-dungeon-simulator/src/map_game.cpp",
			"MU",
			null
		],
		[
			"/run/media/clums/Sacha pue/CPE/ProG_Cpp/20242025-4imi-cpp-projet-dungeon-simulator/src/myWindow.cpp",
			"MU",
			null
		]
	],
	"UIC_OPTIONS" : [],
	"UIC_SEARCH_PATHS" : [],
	"UIC_SKIP" : [],
	"UIC_UI_FILES" : [],
	"USE_BETTER_GRAPH" : false,
	"VERBOSITY" : 0
}
